term,mean,se_mean,sd,2.5%,25%,50%,75%,97.5%,n_eff,Rhat,seed,iter,true_val,data,model
beta0,-1.0137698148259062,3.5417592268373695e-4,0.07939020161569023,-1.169780992032035,-1.067134660431182,-1.0139884323282558,-0.9603704744596054,-0.8581022882194943,50245.334493060705,0.9999791576432145,20191108,40000,-1,med-pos-xyerror,linear-xyme
betax,1.0127330017446856,7.273594032034103e-5,0.015844867116327325,0.9816583230937882,1.0020700899157906,1.0127280915815549,1.0234418355083847,1.0435562093245814,47454.68415586194,0.9999552982655744,20191108,40000,1,med-pos-xyerror,linear-xyme
sigma,0.8669840585057984,5.026664779724006e-4,0.07349229439663364,0.7277280266650384,0.8166256786046666,0.8651743102742467,0.9149360085728947,1.0173779440972561,21375.868276472665,0.999979079979327,20191108,40000,1,med-pos-xyerror,linear-xyme
beta0,-0.9839056464836098,3.6926245241623894e-4,0.09042245785355675,-1.16017036242519,-1.0452320197738603,-0.9842523968929526,-0.922429060748913,-0.8064311099074771,59962.856876907324,0.9999724496429833,20191109,40000,-1,med-pos-xyerror,linear-xyme
betax,0.9904369403572807,7.774420842786955e-5,0.018446390265048115,0.954050150863553,0.9780150214636426,0.9904834866527228,1.002756255287204,1.0267155257826022,56297.18676614301,0.9999738129529104,20191109,40000,1,med-pos-xyerror,linear-xyme
sigma,1.0794609546177945,4.372419584561344e-4,0.07734027695327467,0.9345443478329764,1.0261087938089841,1.0775492048497235,1.1300850971413727,1.236178734079856,31287.278217455572,1.0000245489916926,20191109,40000,1,med-pos-xyerror,linear-xyme
beta0,-0.9489407917546776,3.3947522472071035e-4,0.07835360755065104,-1.1016380602301477,-1.0023047226029043,-0.9487520391461518,-0.8961721846860071,-0.7941855657983337,53272.34630326012,1.0000658566054692,20191110,40000,-1,med-pos-xyerror,linear-xyme
betax,1.004811455985895,6.862538988230793e-5,0.015381081773681613,0.9747285908652814,0.9944775692939433,1.0047173519312445,1.0152166915977177,1.0351156991433816,50234.73464631943,1.000029201581348,20191110,40000,1,med-pos-xyerror,linear-xyme
sigma,0.850097452470202,5.124183783174533e-4,0.0729526156742573,0.7123470016773836,0.8000910939201875,0.8485608159869311,0.8976587762682999,0.9987545657435017,20269.0008266759,1.0001354507608935,20191110,40000,1,med-pos-xyerror,linear-xyme
beta0,-0.9540678036471113,3.5881011773473455e-4,0.08799355950342864,-1.1271323028231721,-1.01297498024718,-0.954309501013809,-0.8953060761544753,-0.7795838212510425,60141.24448362866,0.9999630664048672,20191111,40000,-1,med-pos-xyerror,linear-xyme
betax,0.9767495230813701,7.021573611418892e-5,0.016970187044457713,0.9432360491349029,0.9655340269919277,0.9767454693297135,0.9882367482778301,1.0096738066474058,58412.30602956721,0.9999768207675322,20191111,40000,1,med-pos-xyerror,linear-xyme
sigma,1.0326752788138165,4.320363949364764e-4,0.07601006863009578,0.8909984627786156,0.9801193936173045,1.0309231041276496,1.0826037461219764,1.1872268804953685,30952.916938393726,0.9999920922353054,20191111,40000,1,med-pos-xyerror,linear-xyme
beta0,-1.191240782489397,3.7707733888319594e-4,0.07338781062618588,-1.3339137811934343,-1.2408849396066777,-1.190641386882528,-1.142508639558932,-1.0476484637716923,37877.996205800824,0.9999711150353553,20191112,40000,-1,med-pos-xyerror,linear-xyme
betax,0.9739839115073531,7.965857459512647e-5,0.015232874964024538,0.9442834515377413,0.963621729342836,0.9738872423759188,0.9842637365682406,1.0038400227044717,36567.78819013155,0.9999771839290837,20191112,40000,1,med-pos-xyerror,linear-xyme
sigma,0.7724712426140146,5.791247670291841e-4,0.07134240151936466,0.6360743540506167,0.7237098129594302,0.7709737434892603,0.8193168430268509,0.9164373542532306,15175.785233684215,1.00011388761489,20191112,40000,1,med-pos-xyerror,linear-xyme
beta0,-0.896663396321372,3.663576215309725e-4,0.08402446703482187,-1.0622195074605174,-0.952606670074296,-0.8974425176982331,-0.8400381892693541,-0.7322630319130266,52601.85638399661,0.9999628985402292,20191113,40000,-1,med-pos-xyerror,linear-xyme
betax,0.9978529902427331,7.974766312602643e-5,0.017467975211874303,0.9634952610835277,0.9862049910666983,0.9978640550033977,1.0096260820707834,1.0320624480517817,47978.7802303061,0.9999840790101393,20191113,40000,1,med-pos-xyerror,linear-xyme
sigma,0.9362968510439732,4.927328060660936e-4,0.07515347127025782,0.7951378303333857,0.8848464941670133,0.9337246319831951,0.9851926662017966,1.090565350000119,23263.504183048626,0.9999667282947564,20191113,40000,1,med-pos-xyerror,linear-xyme
beta0,-1.0660647515055062,3.753022328731827e-4,0.08493870254085245,-1.2323847632360656,-1.1233213654407774,-1.0661834161253143,-1.008888700469485,-0.8985946553496698,51221.10566468918,0.9999566156223512,20191114,40000,-1,med-pos-xyerror,linear-xyme
betax,0.9944279996585668,7.830733180946053e-5,0.017642905814182902,0.9600732577121746,0.9826255301348388,0.9944617489969927,1.0061764159415387,1.029186428460707,50761.60888899358,0.9999993991870798,20191114,40000,1,med-pos-xyerror,linear-xyme
sigma,0.9741530752129218,4.837845725907586e-4,0.07519236728651621,0.8324660283792805,0.9227742942742294,0.9724262837147052,1.023395294727955,1.128085612177931,24157.027064659942,1.0000054736444668,20191114,40000,1,med-pos-xyerror,linear-xyme
beta0,-0.997977697050652,3.8675144527005397e-4,0.0911160129126313,-1.1780372482492685,-1.058451734459446,-0.9977013784075884,-0.9371462159883467,-0.8203222107544749,55504.15870888203,0.9999972351606587,20191115,40000,-1,med-pos-xyerror,linear-xyme
betax,0.9506815133091169,8.24998307262566e-5,0.02024014967842695,0.9111448358837088,0.9369921879129234,0.9506047652531019,0.9644151557413558,0.9905729547988763,60189.58165046962,0.999950898998669,20191115,40000,1,med-pos-xyerror,linear-xyme
sigma,1.1012345631406066,4.238672229765553e-4,0.07750875466109329,0.9547949557209753,1.0482648710407547,1.0989745820937755,1.1516827845511257,1.2602330761681235,33438.11978179687,1.0000438395913926,20191115,40000,1,med-pos-xyerror,linear-xyme
beta0,-0.8616558032288187,3.59441480708456e-4,0.0854602450628592,-1.0287930757420491,-0.9192212989565071,-0.8613536603155602,-0.8041514835557779,-0.6945037608315782,56529.074915884245,1.0000052908211008,20191116,40000,-1,med-pos-xyerror,linear-xyme
betax,1.0106063632448745,6.97316840415032e-5,0.01600511607228653,0.9792742977461217,0.99995070356932,1.0105664851956273,1.0213124309697699,1.0419453368996725,52681.40498065476,0.9999745971860213,20191116,40000,1,med-pos-xyerror,linear-xyme
sigma,0.9784974702796417,4.687570046002832e-4,0.07632984643536501,0.8356004491074609,0.9261583140356507,0.976286022039292,1.0286071702576687,1.1336435826222135,26515.097990765196,1.0000173222307343,20191116,40000,1,med-pos-xyerror,linear-xyme
beta0,-0.9387514370186256,3.6789395977474356e-4,0.08844748573934286,-1.1121334857577565,-0.9981359085133454,-0.9386437563228938,-0.8795773321769017,-0.764356952943504,57799.711256203555,0.9999557494328699,20191117,40000,-1,med-pos-xyerror,linear-xyme
betax,0.9948713973696779,7.901573069382333e-5,0.018516055025029194,0.9589842961985129,0.982325726111079,0.9947972570090516,1.007318021504044,1.0312318902304451,54912.32146977095,0.9999805402577953,20191117,40000,1,med-pos-xyerror,linear-xyme
sigma,1.0333958353455859,4.4892441321371483e-4,0.07645062825769684,0.889639566111018,0.9809773631186042,1.0315436951868286,1.0833052659332312,1.1890902425329153,29001.1800858694,1.0000198332302972,20191117,40000,1,med-pos-xyerror,linear-xyme
beta0,-1.0163935687947125,3.677531986484864e-4,0.08407889373892738,-1.1810115848858795,-1.072980477699988,-1.0168502686978147,-0.9593632827705817,-0.8515309461312853,52271.03025547353,1.0000083758659566,20191118,40000,-1,med-pos-xyerror,linear-xyme
betax,0.9679516958632643,7.220233364765905e-5,0.01633144009163789,0.9359353128365864,0.9571281883243901,0.9679616066708312,0.978804933712188,1.0001487188482756,51161.88003529491,0.9999833049766236,20191118,40000,1,med-pos-xyerror,linear-xyme
sigma,0.971603481026854,4.633456886783115e-4,0.07471714171540354,0.82997094272075,0.9206378849104697,0.9695399117960204,1.0208382220135053,1.1242568836499223,26003.40659143884,1.0000278425253566,20191118,40000,1,med-pos-xyerror,linear-xyme
beta0,-1.0613352691081483,3.6147195292088254e-4,0.08512085732430841,-1.229069970935661,-1.1184195525275396,-1.0614559718417116,-1.0038738971451333,-0.8949144989657832,55452.70899571625,0.9999895416274639,20191119,40000,-1,med-pos-xyerror,linear-xyme
betax,0.990644805415391,7.506410272765711e-5,0.017460269158557733,0.9565246651915951,0.9789713764855588,0.9906650554971801,1.0023721078638903,1.0248781666993225,54104.98403640465,0.9999985736457893,20191119,40000,1,med-pos-xyerror,linear-xyme
sigma,0.9774391559185663,4.6256602396526047e-4,0.07541499557382748,0.8367500215271557,0.9250231508438606,0.9749614634043811,1.0267577203973284,1.131636396085336,26580.79459941255,1.0000600383044727,20191119,40000,1,med-pos-xyerror,linear-xyme
beta0,-1.0665609481920089,3.96561125026313e-4,0.08242456383448062,-1.228525401989812,-1.1218701673511406,-1.0667246771544847,-1.0114619456837028,-0.9047320748043925,43200.92435791149,1.0000150927780447,20191120,40000,-1,med-pos-xyerror,linear-xyme
betax,0.9981979839057336,8.539648260207681e-5,0.01767037483140094,0.9636997662853606,0.9862377005931604,0.9981982675641198,1.010191022415972,1.0324080345598339,42816.53893670161,0.9999793086193614,20191120,40000,1,med-pos-xyerror,linear-xyme
sigma,0.9079670135422038,5.174998163357584e-4,0.07419023099486573,0.7683255167248705,0.8574733559761555,0.9062495008142675,0.9563357844788709,1.0587212271999578,20552.897036653245,1.0000123490595898,20191120,40000,1,med-pos-xyerror,linear-xyme
beta0,-0.9717721299306699,3.619586419748093e-4,0.085808628289391925,-1.141270006063142,-1.0292117094810447,-0.9714644464904776,-0.9142132795171388,-0.8039740827285583,56200.99684869378,0.999992289542306,20191121,40000,-1,med-pos-xyerror,linear-xyme
betax,0.9890968959213761,7.57074705466603e-5,0.017778468420562316,0.954250451157592,0.9772069241334154,0.9890315643726539,1.0010813471960784,1.0241174121919518,55145.64449661398,0.9999600312890785,20191121,40000,1,med-pos-xyerror,linear-xyme
sigma,0.9786914303652473,4.6868610521102615e-4,0.07491592187861168,0.8383128184522355,0.9270426637555015,0.9765525861372161,1.028082248088812,1.1304727642057184,25549.59964160003,0.9999824670273368,20191121,40000,1,med-pos-xyerror,linear-xyme
beta0,-1.174908935903279,4.000950755460225e-4,0.09682304886154078,-1.3648444574339222,-1.2395324852728735,-1.1740256272950762,-1.1101811929291303,-0.9853342513718623,58564.0490894203,0.9999855329049462,20191122,40000,-1,med-pos-xyerror,linear-xyme
betax,0.9842407222620285,7.937500171652726e-5,0.019128969662078464,0.9465522238407889,0.9714293853566277,0.9842229404561151,0.996895246726541,1.021918587747791,58078.53612352684,0.9999633628659652,20191122,40000,1,med-pos-xyerror,linear-xyme
sigma,1.1710765270114825,4.209013611118281e-4,0.08109109022045996,1.0196876857426462,1.1152725367164105,1.1678674474990538,1.2238058355778134,1.3383581072223536,37118.089808474986,0.9999814871512291,20191122,40000,1,med-pos-xyerror,linear-xyme
beta0,-0.9441846270674742,3.4512063293462e-4,0.08318753999289388,-1.1072794919095246,-0.9998870480125122,-0.9446103467664144,-0.888477171333304,-0.7803749933296124,58099.81034785303,0.9999795411775019,20191123,40000,-1,med-pos-xyerror,linear-xyme
betax,0.9927370878497144,6.833075481273818e-5,0.016041512091337442,0.9614411827219339,0.9819502015487066,0.992744217057473,1.0035201968683005,1.0243459930999412,55113.52255217015,1.0000544508590576,20191123,40000,1,med-pos-xyerror,linear-xyme
sigma,0.9381934040649191,4.735916743236397e-4,0.07421050636465668,0.7984217780515508,0.8874062576602417,0.9358423734187177,0.9872877883178628,1.0892346854435229,24554.02377369922,1.0000035881792617,20191123,40000,1,med-pos-xyerror,linear-xyme
beta0,-0.8138854269386541,3.5469841680891244e-4,0.07905131043230229,-0.9692726660398117,-0.8672416061053465,-0.8139551423123608,-0.7607902517261897,-0.659434632442151,49670.62757485581,0.9999600473433041,20191124,40000,-1,med-pos-xyerror,linear-xyme
betax,0.9702745040331647,7.519690265635147e-5,0.016374172137339032,0.9383022142808749,0.9591947588608427,0.9702597737381017,0.9813859556492706,1.0021573338980876,47415.33228937495,1.0000903150951774,20191124,40000,1,med-pos-xyerror,linear-xyme
sigma,0.8630735261022985,4.9763185196076e-4,0.07237961523172737,0.726248205522896,0.8135296227322792,0.8614914740483417,0.9103707477114389,1.0094196298217453,21155.15439092197,1.000037794580591,20191124,40000,1,med-pos-xyerror,linear-xyme
beta0,-0.9631421710439012,3.6790743170673015e-4,0.08752384894151052,-1.136176878178504,-1.0208478186396774,-0.9630177904168817,-0.9045654857964408,-0.7911660229649056,56594.691190822,1.0000013527061693,20191125,40000,-1,med-pos-xyerror,linear-xyme
betax,1.034026240132527,7.326873349879774e-5,0.017306088589322893,1.0001516631331109,1.0224031843879333,1.0340983041039693,1.0456021830989397,1.0681447258528218,55790.52856871232,1.0000633310204174,20191125,40000,1,med-pos-xyerror,linear-xyme
sigma,0.9893598683024907,4.5694108589233035e-4,0.07626289150803407,0.8462739166787767,0.9373545848019089,0.9872759633926814,1.0397782287649049,1.1449374423225795,27855.189427008692,1.000071714657883,20191125,40000,1,med-pos-xyerror,linear-xyme
beta0,-0.9211863041160125,3.574788465565502e-4,0.07977770010907669,-1.0777999575487078,-0.9743922081986821,-0.9208093347214463,-0.867222278127665,-0.7654093835049267,49803.7825245532,0.9999752687798158,20191126,40000,-1,med-pos-xyerror,linear-xyme
betax,0.9957123906314701,7.09977365217452e-5,0.015704531698072486,0.9645199422415642,0.9851725263427933,0.9957291111270942,1.0061978742280298,1.0267400155442972,48928.39553106751,0.9999902382145669,20191126,40000,1,med-pos-xyerror,linear-xyme
sigma,0.8717819213371882,4.995360544149035e-4,0.0730201815260423,0.7345061003706531,0.820859729709987,0.8704174185271291,0.9204119579743865,1.0199151754020985,21367.422528806506,0.9999629799518028,20191126,40000,1,med-pos-xyerror,linear-xyme
beta0,-0.7333220345786352,3.5511948937203415e-4,0.08785010248875519,-0.9054304443308757,-0.792761627313404,-0.7334314105768671,-0.6744790676301498,-0.5618063900675042,61197.76053416278,0.9999597177930776,20191127,40000,-1,med-pos-xyerror,linear-xyme
betax,0.9828394940416912,7.419713711917338e-5,0.01831157233967261,0.9469192864701729,0.9705036332854222,0.9827856335865489,0.9951237480859983,1.0187934205780962,60908.36997426139,0.9999910935121199,20191127,40000,1,med-pos-xyerror,linear-xyme
sigma,1.0318881182443511,4.3595183206973496e-4,0.07664339735829964,0.8886471065395922,0.9790951286133327,1.0296075152118145,1.0816883597350424,1.1895927554136763,30908.112232196803,0.9999795928957854,20191127,40000,1,med-pos-xyerror,linear-xyme
beta0,-0.9166367519141777,3.5424527240014735e-4,0.0861553984570115,-1.0866870148289933,-0.9734760416766891,-0.9170467037674255,-0.8588587203752535,-0.7461710603569256,59150.288137405456,0.9999735676371241,20191128,40000,-1,med-pos-xyerror,linear-xyme
betax,0.9846198771183918,7.607629346135795e-5,0.017829225755658165,0.950019917756719,0.9726431927968288,0.9846513129860092,0.9966296636889126,1.0195777901336305,54924.52100255241,0.9999712920235025,20191128,40000,1,med-pos-xyerror,linear-xyme
sigma,0.9902473528884715,4.4974016007013387e-4,0.0752832508968731,0.8502453775704778,0.938009398259552,0.9880251234759125,1.0398700545780883,1.144191558584781,28020.339241695096,1.000027856438827,20191128,40000,1,med-pos-xyerror,linear-xyme
beta0,-0.9171698489513985,3.795477139558527e-4,0.08374325055339656,-1.0812468327915772,-0.9730298002271867,-0.9172170253213201,-0.8606674836574846,-0.7527012027382546,48681.82700201986,0.9999717355129221,20191129,40000,-1,med-pos-xyerror,linear-xyme
betax,0.9931558628834285,7.948088776974291e-5,0.017602622264834188,0.9585750496093007,0.9812968956737944,0.9930997301352203,1.0050694515246776,1.0275629702434057,49048.905452155384,0.999965695614483,20191129,40000,1,med-pos-xyerror,linear-xyme
sigma,0.9479620078620078,4.800838772514054e-4,0.07417054590318707,0.8087066117619666,0.8972091926470643,0.9460945355155108,0.9965268685137267,1.1002236832504395,23868.69684285042,0.9999684130919144,20191129,40000,1,med-pos-xyerror,linear-xyme
beta0,-1.093758545638345,3.9415855751371177e-4,0.09276486407140724,-1.2767222925043178,-1.1560964549534734,-1.0934094282196185,-1.031526176845531,-0.9114852518469685,55389.201621324704,1.000028166259618,20191130,40000,-1,med-pos-xyerror,linear-xyme
betax,0.9740995638169179,7.472263185106896e-5,0.017810472549264114,0.9391016715604281,0.9621545483340801,0.9740041028291264,0.9860339390218472,1.0092760324854169,56812.84850379566,0.999964107671709,20191130,40000,1,med-pos-xyerror,linear-xyme
sigma,1.0844845168191943,4.37672104747428e-4,0.0775874909494886,0.9396046630987752,1.0302852100840194,1.082723052131505,1.135467199411673,1.2434500730219833,31425.752111105154,1.0000842392179665,20191130,40000,1,med-pos-xyerror,linear-xyme
beta0,-0.8636189154885968,3.4970220322804243e-4,0.08705509276143217,-1.0332383977536115,-0.9219431265855347,-0.8640137235789203,-0.8052383772251843,-0.6922397105443147,61971.44577507514,0.9999767435984191,20191131,40000,-1,med-pos-xyerror,linear-xyme
betax,0.977378974203194,7.227787902300208e-5,0.017723232506056653,0.9427790117962644,0.9653250459619702,0.9774520467227745,0.9893133683724988,1.0123800482023289,60127.766265597165,0.9999689476599991,20191131,40000,1,med-pos-xyerror,linear-xyme
sigma,1.0179575490895665,4.408201772264104e-4,0.07620290812389938,0.8740217200455369,0.966015473318117,1.0156896942418394,1.0679148767561315,1.1736935365573502,29882.72247770574,0.9999805576411664,20191131,40000,1,med-pos-xyerror,linear-xyme
beta0,-0.7291551214094275,3.396616366624078e-4,0.07956602926409978,-0.8847842099358411,-0.7826428353298157,-0.7291409136848326,-0.6753959141844906,-0.5736509455590707,54873.46370993348,0.9999696909553123,20191132,40000,-1,med-pos-xyerror,linear-xyme
betax,0.9896538305855483,6.556790194916456e-5,0.015051516867303612,0.9605236791919307,0.979422264517821,0.9896801356218157,0.9998301121325142,1.0189436946958113,52696.03813237364,0.9999753358231346,20191132,40000,1,med-pos-xyerror,linear-xyme
sigma,0.8779109612281902,5.042992930945134e-4,0.07320046553546126,0.7379787576980527,0.8278350460635329,0.8761575167571134,0.9261319889027946,1.0264682076588931,21069.341740428245,0.9999582080495323,20191132,40000,1,med-pos-xyerror,linear-xyme
beta0,-0.9682652668734477,3.591445540620912e-4,0.08938052059178685,-1.1429363659864258,-1.028450727659934,-0.9688158100020636,-0.9080930946326007,-0.7921157912129363,61936.57545513771,0.9999900228810676,20191133,40000,-1,med-pos-xyerror,linear-xyme
betax,0.9632778605193525,7.373971108113715e-5,0.01816937137431316,0.9274983158285245,0.9510283643455318,0.963356237520168,0.9755859402536571,0.9989236797534831,60712.33557144341,0.9999759435270869,20191133,40000,1,med-pos-xyerror,linear-xyme
sigma,1.0497356203890662,4.2359817254901844e-4,0.07653983405406833,0.9073288274354768,0.9970347154983653,1.0474289536333505,1.0995818550196172,1.2070067261623925,32648.773944258097,1.0001316185075892,20191133,40000,1,med-pos-xyerror,linear-xyme
beta0,-1.0587309062989911,3.470030805608962e-4,0.09192633863006182,-1.2382280609125216,-1.1201790100386728,-1.0588226457656211,-0.996868802772294,-0.8792464540360986,70179.98401136938,0.9999529938997624,20191134,40000,-1,med-pos-xyerror,linear-xyme
betax,0.9568727164143205,7.767564194162002e-5,0.019370931849286267,0.9192863286991563,0.9437931226852669,0.9566742963812925,0.9699490642893793,0.994907190586831,62191.541877864125,1.0000636123309663,20191134,40000,1,med-pos-xyerror,linear-xyme
sigma,1.096332671182625,4.0523076260137503e-4,0.07734043565741347,0.9523866613234077,1.0430860004986424,1.0938731743628956,1.1464867821937115,1.25487337377916,36425.74261038785,1.0000213724278748,20191134,40000,1,med-pos-xyerror,linear-xyme
beta0,-0.979924149391239,3.669662076811139e-4,0.08231585552178142,-1.1416120504105292,-1.0351293275664055,-0.9798526626766515,-0.9248220875419567,-0.819077199545357,50317.01218332034,0.9999566393283288,20191135,40000,-1,med-pos-xyerror,linear-xyme
betax,1.0026856363834362,7.063388940122446e-5,0.015307949329159014,0.9725412952151254,0.9924051295309342,1.0027506237221293,1.013092974653945,1.032478199319446,46968.61889251777,0.9999975897866864,20191135,40000,1,med-pos-xyerror,linear-xyme
sigma,0.925893769967429,4.927868503250475e-4,0.07527239050211515,0.7853969559880298,0.8741268467613799,0.9236685792344989,0.9748252712789014,1.080325387800009,23332.06599917681,1.0000535675908757,20191135,40000,1,med-pos-xyerror,linear-xyme
beta0,-0.8598807710812887,3.7285998612152744e-4,0.09135924761586726,-1.0388331799525161,-0.9215631271315137,-0.8597459679341045,-0.798157403583801,-0.680879773892904,60036.23798247869,0.9999745059298313,20191136,40000,-1,med-pos-xyerror,linear-xyme
betax,1.0005357478587458,7.524956813767339e-5,0.018377201169316716,0.96444975933474,0.9881845941944536,1.000575217666222,1.0128542538852494,1.036648464175383,59641.796314243344,1.0000255929523807,20191136,40000,1,med-pos-xyerror,linear-xyme
sigma,1.0765027328888273,4.394207802612108e-4,0.07810870135737108,0.9296994721315465,1.0227716766923132,1.074199533220881,1.1278547153871525,1.2364338348439265,31596.403598377245,0.9999705086258542,20191136,40000,1,med-pos-xyerror,linear-xyme
beta0,-1.0527874691341321,3.68197301135732e-4,0.08535031318214743,-1.2196937917354176,-1.110366146782113,-1.0532050411160654,-0.9951099876790886,-0.8854220623848208,53733.98335194912,0.9999970379358266,20191137,40000,-1,med-pos-xyerror,linear-xyme
betax,0.9472441420014659,7.709642048324835e-5,0.017864707323298645,0.9120595924154798,0.9354065429811798,0.9473231950222409,0.9592130614029005,0.9821350362613791,53693.706173840474,1.0000008366185065,20191137,40000,1,med-pos-xyerror,linear-xyme
sigma,0.9774339020375996,4.407026245661628e-4,0.0741701960263264,0.8368660553588587,0.9263268860764031,0.9755125656558388,1.025870669856373,1.129164554470358,28324.847466495157,0.9999837295553615,20191137,40000,1,med-pos-xyerror,linear-xyme
beta0,-0.9888747375494962,3.5343124046532346e-4,0.08964133960640037,-1.1640233096034478,-1.0488506408508376,-0.9889450625611178,-0.9292854068495723,-0.8123549500117154,64329.000857710256,0.9999823643311094,20191138,40000,-1,med-pos-xyerror,linear-xyme
betax,0.9514341240722478,7.072862610835387e-5,0.017660783668510132,0.9166190631995496,0.9396134149742608,0.9513535700044164,0.9633370838248141,0.9859777331345352,62349.00073136554,0.9999529210198772,20191138,40000,1,med-pos-xyerror,linear-xyme
sigma,1.066564790190479,4.1656511556736127e-4,0.07673281948276985,0.922831086433042,1.0134835652322238,1.0640912468821664,1.116226007091028,1.2253029111534859,33930.98885879248,1.0000391864023175,20191138,40000,1,med-pos-xyerror,linear-xyme
beta0,-1.0210215228440678,3.4712970328864174e-4,0.07879493318213787,-1.1753915460962718,-1.0741836291631646,-1.0210852490990887,-0.9678327601611956,-0.866683417890318,51524.410184335604,0.9999717152844783,20191139,40000,-1,med-pos-xyerror,linear-xyme
betax,0.9945591862955293,6.825410598242045e-5,0.01511610691571375,0.9647466796985277,0.9844219549913986,0.9945127793893552,1.0047551866757098,1.0242606724254548,49048.11767309145,0.999987698832277,20191139,40000,1,med-pos-xyerror,linear-xyme
sigma,0.858316173067692,5.123053944077556e-4,0.07273812046417172,0.721027183408499,0.8080425440187878,0.8563745914383272,0.9064608788729782,1.0061253960225591,20158.874996386578,1.0000734580332817,20191139,40000,1,med-pos-xyerror,linear-xyme
beta0,-1.0119141708392205,3.6109648000543204e-4,0.08259775994899597,-1.1732970739530943,-1.0668207966615384,-1.0123481103747534,-0.9561964423917673,-0.8505023078961897,52322.685817307654,0.9999596763204335,20191140,40000,-1,med-pos-xyerror,linear-xyme
betax,0.9866854469825661,7.410501165707916e-5,0.016551076368680723,0.9540843485666733,0.9755709757496116,0.9866954787258917,0.9979214008948388,1.0189456827662506,49883.54683972098,0.9999687904480866,20191140,40000,1,med-pos-xyerror,linear-xyme
sigma,0.9287506219848829,4.8212297132264046e-4,0.07346797313557649,0.7903385877990092,0.8785452245790988,0.9267926128543786,0.977323474630858,1.0783398056999707,23220.97592108355,1.0000069973812968,20191140,40000,1,med-pos-xyerror,linear-xyme
beta0,-1.0330751194422985,3.6991332705144396e-4,0.09098413602844266,-1.2105370020568804,-1.094062037329328,-1.0338728983503258,-0.971851760809825,-0.854382982603192,60496.65951814639,0.9999869267529728,20191141,40000,-1,med-pos-xyerror,linear-xyme
betax,1.004766082755701,8.336696043994775e-5,0.02012312464536229,0.9655324820150968,0.9912093525225276,1.0048597771241494,1.0182334812496026,1.044370867275521,58264.349188055734,0.9999938968663383,20191141,40000,1,med-pos-xyerror,linear-xyme
sigma,1.0691147023572194,4.4327517631565004e-4,0.07818933982549953,0.9220490878709546,1.015194942495554,1.0665834170006452,1.1201506598495905,1.2298008221025305,31113.45714948966,0.999987383578911,20191141,40000,1,med-pos-xyerror,linear-xyme
beta0,-1.10390019644839,3.422867205257785e-4,0.08095056733981743,-1.2636425585982016,-1.1578737694278043,-1.103968414727401,-1.0496460865450112,-0.9461778995081023,55931.91549578393,0.9999885332682902,20191142,40000,-1,med-pos-xyerror,linear-xyme
betax,0.9635115588728979,7.085989869734408e-5,0.01657045449737728,0.9310124147389058,0.9523880458439877,0.9635774892563242,0.9746815690936681,0.996045858143685,54684.945891498784,0.9999790937253247,20191142,40000,1,med-pos-xyerror,linear-xyme
sigma,0.901946132177115,4.709414957396206e-4,0.07256870195422428,0.7651277148788309,0.8522592389754594,0.8996962303087059,0.9500264212876418,1.0494604502189682,23744.59640380692,0.9999986182266395,20191142,40000,1,med-pos-xyerror,linear-xyme
beta0,-0.9474596492069486,3.474022977240524e-4,0.08490515480411932,-1.113381080941344,-1.0041404741103137,-0.9474529778899141,-0.8900397791114347,-0.7821073643145855,59731.40676967223,0.9999861089211343,20191143,40000,-1,med-pos-xyerror,linear-xyme
betax,1.0002091495801313,6.77533749128463e-5,0.016311260746205297,0.9680861018159568,0.9893132282434042,1.0001789086271775,1.0111575805453128,1.0323370729629526,57957.97382913459,0.9999858306480478,20191143,40000,1,med-pos-xyerror,linear-xyme
sigma,0.9710122283529645,4.556424997458266e-4,0.07527450955437305,0.8304966513713139,0.9189958749336757,0.9687756409970323,1.0204218133712633,1.1239807934848118,27292.757567065048,0.9999874897551368,20191143,40000,1,med-pos-xyerror,linear-xyme
beta0,-1.0420167195612058,3.688925369334772e-4,0.09284187848325966,-1.2231983507310125,-1.1044017996008049,-1.0420471102638205,-0.9794773357943327,-0.8594761558232625,63341.4644237421,0.999984175732682,20191144,40000,-1,med-pos-xyerror,linear-xyme
betax,1.0011696865082425,7.911963674704523e-5,0.01940846301639983,0.9632469812797358,0.988069520120133,1.001090682883814,1.01417453335197,1.0394585272921764,60174.670292600946,0.9999554109860793,20191144,40000,1,med-pos-xyerror,linear-xyme
sigma,1.1049420306321194,4.193300239654374e-4,0.07814797788051066,0.9578775073890631,1.0512512450443285,1.102410578301081,1.1556472981826669,1.265293409246147,34731.502536311345,0.9999790748538516,20191144,40000,1,med-pos-xyerror,linear-xyme
beta0,-0.6840266131613043,3.6557859353057227e-4,0.07970294549704722,-0.8403620581211678,-0.7377447796516339,-0.6840176809318463,-0.6299364031704093,-0.5282705278963918,47532.12467088215,1.0000075672212225,20191145,40000,-1,med-pos-xyerror,linear-xyme
betax,0.9888942161375911,6.958066853041844e-5,0.015122391622434683,0.9592419479593685,0.9786594124924439,0.9889245823709074,0.9990927255071358,1.0183739036531931,47234.98341576156,0.9999910988316197,20191145,40000,1,med-pos-xyerror,linear-xyme
sigma,0.8790318130905288,5.051032571372623e-4,0.07291327410346392,0.7404511810618462,0.8293769182067023,0.8779963096756617,0.9272241619130284,1.0263724022400498,20837.84783936172,0.99998709830765,20191145,40000,1,med-pos-xyerror,linear-xyme
beta0,-0.9441730332166772,3.6041520462987505e-4,0.09175929008758055,-1.1246780545057613,-1.005919207853754,-0.9440922284777579,-0.8830138739364893,-0.7641071508517978,64817.7396042529,0.9999828741751562,20191146,40000,-1,med-pos-xyerror,linear-xyme
betax,0.9913871036060129,7.276888942203777e-5,0.018074993347478134,0.9560942629237696,0.9792928462899047,0.9913441500427992,1.0034755957865107,1.0268523602854427,61697.1067410449,0.9999974945252492,20191146,40000,1,med-pos-xyerror,linear-xyme
sigma,1.085082794984473,4.3386904574654986e-4,0.07781547896112337,0.9408544702640652,1.0313524446062325,1.083144505009189,1.1353663571162342,1.2460055758412467,32167.30349315954,0.9999739490673155,20191146,40000,1,med-pos-xyerror,linear-xyme
beta0,-0.9906264924935406,3.674451900134921e-4,0.08561954123615924,-1.159828057481822,-1.0482163248478935,-0.9906061555477541,-0.9326967602254294,-0.8233518634719176,54295.10278170016,0.9999609580124251,20191147,40000,-1,med-pos-xyerror,linear-xyme
betax,0.992386693476404,6.935648493678821e-5,0.016036301271268906,0.9610910875837518,0.9815695603455469,0.9923349987060521,1.0033062668713977,1.0237745585318028,53460.653634810646,0.9999881267430321,20191147,40000,1,med-pos-xyerror,linear-xyme
sigma,0.9828324528454959,0.00045906351713965023,0.0752773111973851,0.8413243616556578,0.9310454598669768,0.9800047789668247,1.032383833257378,1.1380366113584002,26889.494450091006,1.0000272895021447,20191147,40000,1,med-pos-xyerror,linear-xyme
beta0,-1.0602373636683575,3.715487459795856e-4,0.09131421708514793,-1.2385525139683344,-1.1218329797679754,-1.06018164061678,-0.9988289281666072,-0.8809150305430004,60401.14898250614,0.9999599268753131,20191148,40000,-1,med-pos-xyerror,linear-xyme
betax,1.0084059917744461,7.11035730548716e-5,0.017583479127945268,0.9742737653749552,0.9964951111470318,1.008416811360092,1.0203247865016696,1.0429271489144358,61154.267713496374,0.9999877432140781,20191148,40000,1,med-pos-xyerror,linear-xyme
sigma,1.0798373829468653,4.410315433878237e-4,0.07831965369813376,0.9319760562197521,1.0255492068761116,1.0778129323718924,1.1312609803204299,1.2389816611580013,31535.68092197005,0.9999557870988762,20191148,40000,1,med-pos-xyerror,linear-xyme
beta0,-0.9462976492778742,3.458437900420264e-4,0.08502487225942437,-1.1122860912697343,-1.004278214546251,-0.9466826022066119,-0.8891606821139272,-0.7797209613728097,60441.05167080308,0.9999595454092309,20191149,40000,-1,med-pos-xyerror,linear-xyme
betax,1.006453190807723,7.912501105539514e-5,0.01873285024418701,0.969647708127559,0.9938182613423541,1.0063521003075375,1.0191246375386804,1.0430540751735249,56050.58569968721,1.0000195764984854,20191149,40000,1,med-pos-xyerror,linear-xyme
sigma,0.970344026930226,4.6001770577468854e-4,0.07507275895463351,0.8290343372918093,0.9186852077529016,0.9686685071856043,1.0196057686952766,1.1233604717360537,26632.72826026583,0.9999517278185167,20191149,40000,1,med-pos-xyerror,linear-xyme
beta0,-0.8475194627254804,3.41165169957942e-4,0.08664433758927673,-1.0181950292665416,-0.9055895914160544,-0.8474116551177504,-0.7891039888420951,-0.6765667811477498,64498.70538816119,1.0000131373787498,20191150,40000,-1,med-pos-xyerror,linear-xyme
betax,1.0137134164952908,7.097087730682885e-5,0.01750608929391938,0.9793334744383924,1.001981253273931,1.0136795087712422,1.0254944436180833,1.0479400445349911,60844.0243018861,0.9999938464589959,20191150,40000,1,med-pos-xyerror,linear-xyme
sigma,0.9866798109779006,4.5375971964767726e-4,0.0757024858408839,0.8452437450486773,0.9345004536491646,0.9844091143927036,1.036563476978491,1.1403827790941914,27833.537062766365,1.000019223933611,20191150,40000,1,med-pos-xyerror,linear-xyme
beta0,-1.1197990835244078,3.602753027440402e-4,0.08745773121628175,-1.2909333829912373,-1.1792538476404995,-1.1204273027800782,-1.0604299871733753,-0.9480931954507217,58928.77731668439,1.000037121094508,20191151,40000,-1,med-pos-xyerror,linear-xyme
betax,0.9769059430084595,7.172172156688782e-5,0.01721439946634115,0.9432760705369353,0.9651655057828697,0.9769321657232146,0.988531801880133,1.0104737340075889,57607.939560669925,0.9999729913965012,20191151,40000,1,med-pos-xyerror,linear-xyme
sigma,1.011579022622469,4.479422092053563e-4,0.07576806825697202,0.8693267711128898,0.9596570258663105,1.0090911851121984,1.0619890025071188,1.1662517507256158,28610.698090621565,0.999995641872703,20191151,40000,1,med-pos-xyerror,linear-xyme
beta0,-0.9585894685740958,3.8186690399295977e-4,0.09189993300285525,-1.137886697829692,-1.0212787791587288,-0.9589334677999639,-0.8971310060593445,-0.7776665471927786,57917.03883037485,0.9999677377144175,20191152,40000,-1,med-pos-xyerror,linear-xyme
betax,0.9707359221109951,7.133276156054424e-5,0.016950711269571445,0.9374577434611971,0.9593411014218693,0.9707502632692508,0.9820877681180127,1.003923945048877,56467.39821441163,0.9999851388131016,20191152,40000,1,med-pos-xyerror,linear-xyme
sigma,1.1004653785816296,4.296734804983037e-4,0.07865278335458617,0.9536451011344754,1.0465570749926747,1.0981459992415246,1.1517588618441144,1.2622382529945906,33508.19949304663,1.0000859605209036,20191152,40000,1,med-pos-xyerror,linear-xyme
beta0,-0.9921325432010788,3.6273872929270753e-4,0.08884736094159792,-1.1667750937414552,-1.0517984994596496,-0.9919482885001383,-0.9319309175334538,-0.8186675753171694,59993.087082435675,0.9999889962139598,20191153,40000,-1,med-pos-xyerror,linear-xyme
betax,0.9861099376029641,7.789251922304878e-5,0.019081104149685196,0.9485318375165332,0.9733668678943733,0.986115640288345,0.9988137275192646,1.0236820215192295,60008.87759112068,0.9999894055185383,20191153,40000,1,med-pos-xyerror,linear-xyme
sigma,1.0401208969206104,4.3977036992758566e-4,0.07638600796411578,0.8967488788509053,0.9876801465598837,1.037469049092372,1.0900473251236085,1.1962308618907918,30170.02693100196,1.0000048632046916,20191153,40000,1,med-pos-xyerror,linear-xyme
beta0,-1.0154403156873781,3.652251535329916e-4,0.0847880102280785,-1.1827346757832964,-1.0716771765149637,-1.0152593262352967,-0.9585794329473447,-0.8482502784506193,53894.882127266355,1.0000322595410573,20191154,40000,-1,med-pos-xyerror,linear-xyme
betax,1.0283354715250086,7.724724107137852e-5,0.017896263546805236,0.993152884862247,1.0162833243295986,1.0282789107035302,1.0403615078837707,1.063591445514546,53673.35943907656,0.9999869568479633,20191154,40000,1,med-pos-xyerror,linear-xyme
sigma,0.9602561064966482,4.793860422295717e-4,0.07616416560009961,0.8170865757959568,0.9080206617543704,0.9581528347981183,1.0100471495030838,1.1156364621175352,25242.397839545458,0.9999902763510906,20191154,40000,1,med-pos-xyerror,linear-xyme
beta0,-0.9663096512697829,3.6838073858504444e-4,0.08870001453042684,-1.142193613983893,-1.0257705097737082,-0.965852371103119,-0.9071946229498308,-0.7933538443255852,57976.708201493864,0.9999517052168966,20191155,40000,-1,med-pos-xyerror,linear-xyme
betax,0.9402614706538059,7.737187598959616e-5,0.018153240890102843,0.9047500781204197,0.92803086308757,0.9401532569842941,0.9524654992188542,0.9757586559234344,55048.068754187574,0.999977924548371,20191155,40000,1,med-pos-xyerror,linear-xyme
sigma,1.0422221277850907,4.39225524647148e-4,0.07552480252307021,0.9004784216006955,0.990131686584492,1.039995684536647,1.0915683552860527,1.1968682341325483,29566.781798296055,0.9999826099168829,20191155,40000,1,med-pos-xyerror,linear-xyme
beta0,-1.161486410915265,3.6730349168672625e-4,0.08722409892977666,-1.333559792673067,-1.2200694096700095,-1.1624534077520516,-1.102472701424412,-0.989394377951614,56392.69754177485,0.9999569268063774,20191156,40000,-1,med-pos-xyerror,linear-xyme
betax,1.0026312421136558,8.143043542466316e-5,0.01872192638521579,0.9658487975930748,0.9900709257122695,1.002753938146825,1.0152725702579288,1.039352884344809,52860.04790808217,0.9999678950797498,20191156,40000,1,med-pos-xyerror,linear-xyme
sigma,1.0126827442358954,4.5921386525817255e-4,0.07642186292168307,0.8705803815922588,0.9600007065080165,1.0103360809852628,1.062500587154454,1.1711881877293826,27695.24781337854,1.0000547525311239,20191156,40000,1,med-pos-xyerror,linear-xyme
beta0,-0.8928616737777448,3.892432014380669e-4,0.08344063450193115,-1.055881394212105,-0.9489483395691111,-0.8929851070577288,-0.8363003898570186,-0.7300858527909849,45952.92116008893,1.0000073926119035,20191157,40000,-1,med-pos-xyerror,linear-xyme
betax,0.9847794054735258,8.70644419641545e-5,0.018566568896117783,0.948447868274661,0.9723338365869069,0.9846138777035804,0.9971965455420283,1.021163637779306,45475.93797044363,1.000027773890448,20191157,40000,1,med-pos-xyerror,linear-xyme
sigma,0.9338655188321152,4.847888426194641e-4,0.0735419755190807,0.795402445484485,0.8832607526572436,0.9318749979751706,0.9818955963709888,1.0839150456055893,23012.582146648718,1.0001260948651098,20191157,40000,1,med-pos-xyerror,linear-xyme
beta0,-1.0060162339913004,3.521420308124816e-4,0.08961548662000142,-1.182720238098796,-1.0662935319042477,-1.0064230262254688,-0.9456547526289318,-0.8300083743750836,64763.514106516785,0.9999887049326384,20191158,40000,-1,med-pos-xyerror,linear-xyme
betax,1.0050343505340167,7.508408255431701e-5,0.018580477092621672,0.9684471208417176,0.9925325355212485,1.0051494031784096,1.017546443426172,1.0412077491808376,61237.572323950924,0.9999713293865593,20191158,40000,1,med-pos-xyerror,linear-xyme
sigma,1.0479042650840669,4.3680611140563285e-4,0.07696834414799392,0.9024660116295712,0.9948950004509151,1.0460995024885542,1.0982488265011026,1.2058986649926342,31048.946927106743,0.9999767089403965,20191158,40000,1,med-pos-xyerror,linear-xyme
beta0,-1.050430053222285,3.7264439491331553e-4,0.08027160602164428,-1.2079065552472297,-1.1043008573969613,-1.0504586167821914,-0.9967462464176208,-0.8924949058454055,46401.78824441694,1.0000263238559362,20191159,40000,-1,med-pos-xyerror,linear-xyme
betax,0.9974349847599151,7.693573490011818e-5,0.016168937721696506,0.9658220131877537,0.9864585382139744,0.9973858753492275,1.008347198892573,1.0291694073428332,44167.90127186725,0.9999626646454922,20191159,40000,1,med-pos-xyerror,linear-xyme
sigma,0.8835616343315015,5.230531651644212e-4,0.07387696276397936,0.7449217012079877,0.8327850014031024,0.8812493720955865,0.932079978324759,1.034257188408637,19949.241865769254,1.000101932602992,20191159,40000,1,med-pos-xyerror,linear-xyme
beta0,-0.9660212985269231,3.809809538998721e-4,0.08343207881445935,-1.130864275991943,-1.021676378882344,-0.9656368901217667,-0.9103175861264002,-0.8022440672590899,47957.83837371227,1.0000745725376268,20191160,40000,-1,med-pos-xyerror,linear-xyme
betax,1.000586714985447,8.149664837231757e-5,0.017758928007213112,0.9656691020230899,0.9885904806264074,1.000619037939623,1.012661148846571,1.0353411892709412,47484.73259339473,0.9999639637042326,20191160,40000,1,med-pos-xyerror,linear-xyme
sigma,0.9248801526200507,4.905886495669768e-4,0.07390222790806972,0.7852082249471022,0.8746967954859945,0.9228795866402746,0.9733047356195957,1.0763876684026927,22692.381189188203,1.0000603980999923,20191160,40000,1,med-pos-xyerror,linear-xyme
beta0,-0.9279469563713815,3.615033360813476e-4,0.08762875290923199,-1.100103034080836,-0.9863417039646163,-0.9277376311755834,-0.8690019455145768,-0.7551852721758221,58758.22165380093,0.9999799873685595,20191161,40000,-1,med-pos-xyerror,linear-xyme
betax,0.9844175082327062,8.271184093192612e-5,0.020108212768327974,0.944838677850168,0.970924121731396,0.9844069416130992,0.9979603794226573,1.0237837592128602,59103.27815636859,1.000009790633769,20191161,40000,1,med-pos-xyerror,linear-xyme
sigma,1.0185328097597781,4.329457951356257e-4,0.07609160284425202,0.8752264386148583,0.9665397237028978,1.0163006353108446,1.0682520668968163,1.1743582017075844,30889.182376048648,1.0000213139267016,20191161,40000,1,med-pos-xyerror,linear-xyme
beta0,-1.0368936126846287,3.546898339242185e-4,0.08026037679472857,-1.1938745718668664,-1.0911605181398536,-1.0369807538329427,-0.9822739152593308,-0.8799790266111219,51204.119989879095,1.0000413460915447,20191162,40000,-1,med-pos-xyerror,linear-xyme
betax,1.000454770381899,7.226826370717577e-5,0.016102821563095678,0.9688156459494457,0.9897696888925693,1.0004845857731368,1.011297687016092,1.0320957299956355,49648.79583577015,0.999970761491877,20191162,40000,1,med-pos-xyerror,linear-xyme
sigma,0.896935176790491,4.920220542440186e-4,0.07333738356206042,0.7589986760855206,0.8464938891990426,0.8950369747361423,0.9456392831415141,1.0453881698771272,22216.809114912092,0.9999619943929411,20191162,40000,1,med-pos-xyerror,linear-xyme
beta0,-1.1319012073279127,3.814962890669736e-4,0.0911285205378526,-1.3108803811794791,-1.192978538125324,-1.1318603104432245,-1.0712400480626012,-0.9527193471138841,57059.50550652262,1.0000073129496276,20191163,40000,-1,med-pos-xyerror,linear-xyme
betax,0.9863138756994968,7.962814384009338e-5,0.018258070434510897,0.9503122130084465,0.973998995699366,0.9862152373899301,0.9987335131184746,1.0220201285955877,52574.67197249041,0.9999541418377256,20191163,40000,1,med-pos-xyerror,linear-xyme
sigma,1.0516754172436469,4.4144225978617744e-4,0.07680104750944333,0.90676604299612,0.9990617293106285,1.049506761718694,1.1022335431360486,1.2076387469709924,30268.191597129087,0.9999741020541326,20191163,40000,1,med-pos-xyerror,linear-xyme
beta0,-0.8389488602086687,3.288489779524254e-4,0.07815951742493535,-0.9925471841239548,-0.8912639576004039,-0.8389439915566236,-0.7869446385836303,-0.6855770177572664,56489.89216580074,0.9999755035807049,20191164,40000,-1,med-pos-xyerror,linear-xyme
betax,0.9938466334085982,7.021431715465629e-5,0.01611529057083388,0.9619936590878471,0.9830371924246328,0.993942619763647,1.004843760346913,1.0249351861513236,52677.47236128471,0.9999524246054395,20191164,40000,1,med-pos-xyerror,linear-xyme
sigma,0.8466714316973066,5.016364371149228e-4,0.07249268320459351,0.7105583206130425,0.7974969311232938,0.844529581889182,0.8937063201181864,0.9935364101073831,20883.832457199383,1.0000165481547048,20191164,40000,1,med-pos-xyerror,linear-xyme
beta0,-1.0369787675827908,3.467332936045089e-4,0.08038661044978487,-1.1940587652784775,-1.0912397461619225,-1.0372550978864825,-0.9826131328063322,-0.8793140951822218,53749.73700389265,0.9999591985837688,20191165,40000,-1,med-pos-xyerror,linear-xyme
betax,0.9787360403769099,6.44331529187757e-5,0.014970604464706489,0.9493276318962506,0.9687283796060435,0.9787177904738599,0.9887951724463951,1.008373016489503,53983.35919280922,1.000084628069288,20191165,40000,1,med-pos-xyerror,linear-xyme
sigma,0.8954807602877828,4.875278748158356e-4,0.07321848865298995,0.7555940121607061,0.8453474743881209,0.8939291106577111,0.9429663658148411,1.043163746284288,22554.988833017327,1.000465905107619,20191165,40000,1,med-pos-xyerror,linear-xyme
beta0,-0.7951184880753559,3.7929681000665067e-4,0.08432780444906143,-0.961709675817432,-0.8515057055043784,-0.7951947901562653,-0.7378629785413735,-0.6292917195325929,49429.15726539584,0.9999889902056408,20191166,40000,-1,med-pos-xyerror,linear-xyme
betax,0.9826766876122023,7.424724922689281e-5,0.016234055316679846,0.9511160884158548,0.9716945868687106,0.9825870261892953,0.9936423856663241,1.01447608121693,47807.19979449994,0.9999670012973897,20191166,40000,1,med-pos-xyerror,linear-xyme
sigma,0.9593980751211654,4.803879051610327e-4,0.07438744258948209,0.8184503753747263,0.9082550912887796,0.9574183441189723,1.0080469481456276,1.1113590679418606,23978.119878521004,1.0000296837358853,20191166,40000,1,med-pos-xyerror,linear-xyme
beta0,-0.9890179648960801,3.690234911526516e-4,0.09274459622726271,-1.1725235397185858,-1.0512521567825446,-0.9889056019835367,-0.9266604508183485,-0.8061429449724011,63163.93868091783,0.9999825383538123,20191167,40000,-1,med-pos-xyerror,linear-xyme
betax,0.9992482069719089,7.060557007130157e-5,0.017930561699598672,0.964085618948004,0.9872504080188285,0.999228453530348,1.0112356946048366,1.0345368559143633,64492.59640509489,0.9999880132393363,20191167,40000,1,med-pos-xyerror,linear-xyme
sigma,1.0944847945764835,4.2977137850111913e-4,0.07819796625207825,0.9483816091383586,1.0406807977730173,1.092466470438112,1.14499884386797,1.2554626760070169,33106.70337000416,1.0000254806142124,20191167,40000,1,med-pos-xyerror,linear-xyme
beta0,-1.1133505250055733,3.691276859039496e-4,0.08104336032658975,-1.2733070803883266,-1.167775492234819,-1.113328294084773,-1.0586337577270062,-0.9545495225575966,48203.84040462606,1.0000010394671481,20191168,40000,-1,med-pos-xyerror,linear-xyme
betax,0.9737954171715305,6.998041585983293e-5,0.015482559460337154,0.9435595179309602,0.9633993050463118,0.9737771452157964,0.9842440062363437,1.0040625819035351,48947.720925179965,0.9999798702306946,20191168,40000,1,med-pos-xyerror,linear-xyme
sigma,0.9022134228700088,4.966014443602897e-4,0.07283363511168076,0.7649043962156241,0.852036679545007,0.9002255681334448,0.9502480915659717,1.0510559202606737,21510.376667136356,0.9999723208273813,20191168,40000,1,med-pos-xyerror,linear-xyme
beta0,-1.0046404141486278,3.7686306096320986e-4,0.08677633633280708,-1.1737529466029153,-1.0632856638458525,-1.0040909062582704,-0.9467347651111577,-0.833200607419083,53019.48175549199,0.9999847155945137,20191169,40000,-1,med-pos-xyerror,linear-xyme
betax,0.9757090429657471,7.838644307290597e-5,0.017501060232338134,0.9413387746345707,0.963882917994691,0.9756112340967982,0.9875069331737059,1.0100195072907543,49847.89265283646,0.9999755229196615,20191169,40000,1,med-pos-xyerror,linear-xyme
sigma,1.0200847868180545,4.6688998458312495e-4,0.07561856103036907,0.8795557610276202,0.9682526567719081,1.0175440841146504,1.0693371529767188,1.176456552001037,26231.776408893875,1.0000400847200988,20191169,40000,1,med-pos-xyerror,linear-xyme
beta0,-0.934731991246667,3.4167873426516293e-4,0.08593177134831763,-1.105678121075528,-0.9918254083770588,-0.9345841396103958,-0.8771408754674002,-0.7670097928321645,63251.616509882326,0.9999570414946866,20191170,40000,-1,med-pos-xyerror,linear-xyme
betax,1.0079515392003413,7.218050530163806e-5,0.01776402480864691,0.9731413998750954,0.9959486147713533,1.007965319943347,1.0199186103862452,1.0425827433695523,60567.9543706508,0.9999569440379402,20191170,40000,1,med-pos-xyerror,linear-xyme
sigma,0.9954541116163363,4.3127324149122635e-4,0.07572132649029399,0.8518417435989651,0.9437391688357952,0.9933695334190868,1.0448755873833222,1.149469046108071,30827.00981286611,0.9999619207078903,20191170,40000,1,med-pos-xyerror,linear-xyme
beta0,-0.9366531195700746,3.6073514943797707e-4,0.09020622988254504,-1.1138864374564263,-0.9970894738948077,-0.9365239612765988,-0.8751658258989043,-0.7605943598722584,62531.110519078116,0.9999588734309078,20191171,40000,-1,med-pos-xyerror,linear-xyme
betax,0.9831013464028332,7.23677970846133e-5,0.01802713708581344,0.9474388941448192,0.9709202875283409,0.9831600004466796,0.9952640448807449,1.0183042332670282,62053.004947636255,0.9999570620896139,20191171,40000,1,med-pos-xyerror,linear-xyme
sigma,1.0676198769526444,4.237063984265985e-4,0.0772967024221302,0.9223837015837877,1.0144959758647385,1.0650077516949612,1.118263349251338,1.2257082039723686,33280.6568129067,0.9999570730376864,20191171,40000,1,med-pos-xyerror,linear-xyme
beta0,-0.929530337788383,3.559653984700139e-4,0.09435891011209159,-1.116526463533525,-0.9930923485264794,-0.928999270770141,-0.8655789198729535,-0.745087896009597,70266.81406211863,0.9999704172821332,20191172,40000,-1,med-pos-xyerror,linear-xyme
betax,0.9685936912389344,7.708056007627075e-5,0.02047003876361085,0.9282835013699211,0.9547988883611397,0.9685717499371067,0.9822077046369637,1.0089865397869902,70525.73271754241,0.9999858041277928,20191172,40000,1,med-pos-xyerror,linear-xyme
sigma,1.1367468303526982,3.982437186992322e-4,0.07911246674360511,0.9892793557169166,1.0817949090364134,1.1342137875122447,1.1886626563346236,1.2992784463119353,39463.17133163526,0.9999585833167688,20191172,40000,1,med-pos-xyerror,linear-xyme
beta0,-0.9792758196519664,3.5666430372646496e-4,0.08204151435143689,-1.1401734134833326,-1.0337021806980438,-0.9793777915320514,-0.9251870836510848,-0.8160127676655925,52911.25282449646,0.9999596615966059,20191173,40000,-1,med-pos-xyerror,linear-xyme
betax,0.9766710906186797,7.572385196361238e-5,0.01695314068620491,0.9436694516823073,0.9651814450022876,0.9766268495998187,0.9880354151712019,1.0100351254606685,50122.75528859255,0.999958916907554,20191173,40000,1,med-pos-xyerror,linear-xyme
sigma,0.9305953618437296,4.8390321703619543e-4,0.07361385633288588,0.79158916794954,0.8802599778192348,0.9289421849684023,0.9793335248410202,1.0798496885952382,23142.065573034895,0.9999889220692479,20191173,40000,1,med-pos-xyerror,linear-xyme
beta0,-1.0191776386996763,3.54042038776073e-4,0.08320993311313818,-1.1819720914683525,-1.0755485026728824,-1.0194914712517111,-0.9630105967516484,-0.8551184298965299,55238.34775351853,0.9999775537099548,20191174,40000,-1,med-pos-xyerror,linear-xyme
betax,0.9918021696740404,7.311718392709676e-5,0.017067409003466025,0.9583551776362657,0.9803441011207512,0.9917285693814673,1.0033278464742323,1.0253010348926903,54487.42437847105,0.9999637108210366,20191174,40000,1,med-pos-xyerror,linear-xyme
sigma,0.9459896198092331,4.6877778276230303e-4,0.07412464703345505,0.8068549104011987,0.8947130433596053,0.9439969978336926,0.9949905823964381,1.09686477506305,25002.949032309185,1.0000166914740465,20191174,40000,1,med-pos-xyerror,linear-xyme
beta0,-0.8918394860058353,3.647394488537634e-4,0.08207442581502673,-1.0533079892325736,-0.9469971240754175,-0.8920830800173146,-0.8371569172132276,-0.729257701065422,50634.93201582658,1.0000164901115582,20191175,40000,-1,med-pos-xyerror,linear-xyme
betax,1.0398843525525034,7.706839861139526e-5,0.016736435412546706,1.0067031579896901,1.0286781428274008,1.03987087458766,1.0510840260209044,1.0727872198146389,47159.94194756501,1.0000109931340952,20191175,40000,1,med-pos-xyerror,linear-xyme
sigma,0.9138911044581616,5.129634931967476e-4,0.0749086423676495,0.7720896531109015,0.8617833897014499,0.9119664965355452,0.963414913572042,1.0644162026692643,21325.093096857614,1.00004801587069,20191175,40000,1,med-pos-xyerror,linear-xyme
beta0,-0.8227249783846101,3.726101840259764e-4,0.08442249939443379,-0.9884567644302862,-0.8796303533604926,-0.8231477063855877,-0.7658282241681026,-0.657830375745539,51334.22028584863,0.9999721594718504,20191176,40000,-1,med-pos-xyerror,linear-xyme
betax,1.0033494996519057,7.266362020503413e-5,0.01654207072922805,0.9706927640248734,0.9922539026744858,1.0034414751105496,1.014553628217794,1.035640746418124,51825.760575670836,1.0000059346836787,20191176,40000,1,med-pos-xyerror,linear-xyme
sigma,0.9728993630723479,4.790831022297849e-4,0.07533245694662383,0.8317404757086312,0.9212066529196455,0.9710288027723679,1.021546612515441,1.1282328898189944,24725.35625881484,0.9999883098122345,20191176,40000,1,med-pos-xyerror,linear-xyme
beta0,-1.0430425632124838,3.5757897574060626e-4,0.07962511690331515,-1.2000928959846773,-1.0962792181905785,-1.0429182324769812,-0.9904852826499106,-0.8851677661114639,49585.67320399556,0.9999779814946832,20191177,40000,-1,med-pos-xyerror,linear-xyme
betax,0.9752544165087443,7.069268794997128e-5,0.015439194932795813,0.9447824990541976,0.9648471527960419,0.9751835526252253,0.9855920331585617,1.005866611467254,47698.01554862835,1.000046105372147,20191177,40000,1,med-pos-xyerror,linear-xyme
sigma,0.8726528158624001,5.046637217300227e-4,0.07268236790395212,0.7376898430713807,0.8225510986009362,0.8700491231418814,0.9199994313647761,1.022184118239576,20742.159189570633,0.9999933064827381,20191177,40000,1,med-pos-xyerror,linear-xyme
beta0,-0.8482499947700797,3.719680341713089e-4,0.09102001688883446,-1.0267128701189698,-0.9101765468715218,-0.8475631937894765,-0.7868020605408397,-0.6700989717757599,59877.351796180614,0.999957225120394,20191178,40000,-1,med-pos-xyerror,linear-xyme
betax,0.9665627002603648,7.930649315537735e-5,0.018784469540220693,0.929760128931865,0.9538989356896774,0.9665852321710909,0.9792044422408372,1.0036309434215986,56102.26280420825,0.9999699689989766,20191178,40000,1,med-pos-xyerror,linear-xyme
sigma,1.067650685171823,4.3280210789385925e-4,0.07685656648070911,0.9241593886565856,1.0148673935411128,1.0652890889974362,1.1178939458553243,1.2245245466576815,31534.302031260027,1.0000020156925462,20191178,40000,1,med-pos-xyerror,linear-xyme
beta0,-0.9611794123326005,3.692473685983983e-4,0.08805740346287386,-1.1327252857102033,-1.0211099945031643,-0.961269249029086,-0.9012133269051482,-0.7903293131475059,56871.79458168253,0.99995743364243,20191179,40000,-1,med-pos-xyerror,linear-xyme
betax,0.9911857597687889,7.370442855665109e-5,0.01739615635306261,0.957229721830822,0.9795910758597135,0.9911178595661689,1.0027803967094528,1.0253233549347764,55708.24000294164,0.9999624127929856,20191179,40000,1,med-pos-xyerror,linear-xyme
sigma,1.0128138471947834,4.570805522719175e-4,0.07609993296808301,0.87155751952848,0.9600821619972947,1.0107343301730531,1.0619826919791633,1.1693419862191694,27719.35123866751,1.0003347807678675,20191179,40000,1,med-pos-xyerror,linear-xyme
beta0,-0.8924313453805442,3.470064367632462e-4,0.08666528245951331,-1.063200739378759,-0.9502310709707853,-0.8922465865585324,-0.8347698511887118,-0.7220842276777393,62375.674093921836,0.9999564872409603,20191180,40000,-1,med-pos-xyerror,linear-xyme
betax,1.009458548278526,7.339623764872728e-5,0.018162523795347534,0.9740989218888577,0.9972629226338656,1.0094898673293247,1.021753739188698,1.0452390130723705,61235.715433641744,1.0000067279071763,20191180,40000,1,med-pos-xyerror,linear-xyme
sigma,0.9794998780138836,4.5082589074319976e-4,0.07511622092698396,0.8374327063310919,0.9278735263579172,0.9773523857163908,1.0292215821314408,1.1322881057532415,27761.93686939432,1.0000250732401665,20191180,40000,1,med-pos-xyerror,linear-xyme
beta0,-0.8727973962584001,3.668011063348535e-4,0.0816138260721132,-1.0334252134203348,-0.9275358007419328,-0.8730500582621783,-0.8180104296872592,-0.7132368948114015,49506.953547571364,0.9999519015235372,20191181,40000,-1,med-pos-xyerror,linear-xyme
betax,0.9967439157234643,6.22372532239922e-5,0.014179031903718168,0.9690649346435858,0.9872724224286632,0.9967021757209937,1.0062795568711649,1.0245905467990624,51902.9837477686,0.9999716646554019,20191181,40000,1,med-pos-xyerror,linear-xyme
sigma,0.9080093237038831,4.887019727174365e-4,0.07350614446683036,0.7700446150064463,0.8576871320300372,0.9062817926671268,0.9561849477743947,1.0579376929773878,22623.464026385725,0.9999778400324527,20191181,40000,1,med-pos-xyerror,linear-xyme
beta0,-0.8394083337239487,3.8162592596533595e-4,0.08495990444910226,-1.0062999284098388,-0.8964607623370591,-0.8396211095106391,-0.7824306408130404,-0.6729225007970402,49562.39544326204,0.999979482898951,20191182,40000,-1,med-pos-xyerror,linear-xyme
betax,1.0025844712764487,7.910710603705946e-5,0.017159842271986223,0.96861399194654,0.9911075297553953,1.0025911336550528,1.0140775045116073,1.0361783097105792,47053.896091910814,0.9999707933619804,20191182,40000,1,med-pos-xyerror,linear-xyme
sigma,0.9655473678672734,4.734217247956175e-4,0.07509708458596037,0.8235337297163102,0.914250843167064,0.9635103191364311,1.0146550074186786,1.1185247151765159,25162.268233261097,1.000043127428475,20191182,40000,1,med-pos-xyerror,linear-xyme
beta0,-1.1120044964478326,3.6516488055970373e-4,0.08810940875431034,-1.2836582524341904,-1.1703849017601802,-1.1132501756799509,-1.0531071383339894,-0.9383531502109947,58219.24486007966,0.9999649924089201,20191183,40000,-1,med-pos-xyerror,linear-xyme
betax,0.9926311020611892,7.502210793914387e-5,0.01748182220187962,0.9583867640548618,0.9809516937851075,0.9926824560275984,1.004374564981329,1.0267326734577313,54299.380239934064,0.9999883461738497,20191183,40000,1,med-pos-xyerror,linear-xyme
sigma,1.0094582267498682,4.6165317555910986e-4,0.07626705557609963,0.8666596603997327,0.9565028469639791,1.0069905947731421,1.0592767923433395,1.1650042542993044,27292.43630788002,0.9999536301280038,20191183,40000,1,med-pos-xyerror,linear-xyme
beta0,-0.7741814489831895,3.4444636495702124e-4,0.0857606578233365,-0.9423755533029863,-0.8317945317711246,-0.7741965733449341,-0.7161942162530821,-0.6065822842255264,61991.62138685365,0.9999665854047369,20191184,40000,-1,med-pos-xyerror,linear-xyme
betax,0.9863123463604255,7.057187873675983e-5,0.017194309829201504,0.9526288132215491,0.9748220978056945,0.9862687517355082,0.9978618266177414,1.0200716443332178,59361.67377255673,0.9999678080774002,20191184,40000,1,med-pos-xyerror,linear-xyme
sigma,1.0000010905681354,4.5071493077248226e-4,0.07604589631479082,0.857982844585214,0.947504950427632,0.9982452809157827,1.0498174309253154,1.1555581708406395,28467.391619962294,0.9999802112599815,20191184,40000,1,med-pos-xyerror,linear-xyme
beta0,-1.1615800698550542,3.6386843259381515e-4,0.08562146216836233,-1.328828432593986,-1.2195980037905396,-1.1618771112402464,-1.103776454344731,-0.9936295206402059,55370.2545564548,1.0000515794026454,20191185,40000,-1,med-pos-xyerror,linear-xyme
betax,1.0261436426773176,8.204092399167496e-5,0.019103524036440698,0.9884520950498542,1.0131984839243988,1.0263099454258195,1.0390313466985401,1.0631937303853305,54220.79640843555,1.000042227097677,20191185,40000,1,med-pos-xyerror,linear-xyme
sigma,0.9642984562475468,4.700706071189911e-4,0.07600519599904729,0.8229882189001668,0.9118842948632518,0.9614885720277904,1.0137484289830985,1.120788891378895,26143.298052243972,1.0000064223253031,20191185,40000,1,med-pos-xyerror,linear-xyme
beta0,-0.9541031765299122,3.51917419076931e-4,0.08311088562643155,-1.1152106207953598,-1.0103971163269947,-0.9545856054469909,-0.8976689629290406,-0.7929869932172817,55774.32108142854,1.0000284561297614,20191186,40000,-1,med-pos-xyerror,linear-xyme
betax,1.0134163942974286,7.36606440888636e-5,0.01693085353865324,0.9801901166431866,1.0020614986872658,1.013388950844847,1.0248059956925517,1.0467823053297813,52830.738512536365,0.9999648709616639,20191186,40000,1,med-pos-xyerror,linear-xyme
sigma,0.9396120586007874,4.770884801062227e-4,0.07452128651239459,0.8000559792179132,0.8880787096370361,0.9381559157189,0.9885975074479215,1.0911201126555283,24398.483164646186,0.9999764204647138,20191186,40000,1,med-pos-xyerror,linear-xyme
beta0,-0.9353336295855583,3.4780479536221213e-4,0.07996976881682615,-1.0929182473243393,-0.9886829168388629,-0.934787656028518,-0.8815733637150431,-0.7798329537032361,52866.498885584,1.000010695460512,20191187,40000,-1,med-pos-xyerror,linear-xyme
betax,0.9587703978265146,7.368781446606779e-5,0.016193291211967522,0.9270605635328747,0.947821271470247,0.9587328341601628,0.969641367950524,0.9906449893341782,48292.41238183371,0.9999829597463922,20191187,40000,1,med-pos-xyerror,linear-xyme
sigma,0.8982715753508703,4.862624151416784e-4,0.07198014210302783,0.7617393119207494,0.8490818651048526,0.8964514825392065,0.9454109438326384,1.0454623766293996,21912.099626614752,0.9999963834458478,20191187,40000,1,med-pos-xyerror,linear-xyme
beta0,-0.934737168190508,3.4855052178839286e-4,0.08533245600180868,-1.1017895196482816,-0.9923973573565181,-0.9347576738797656,-0.8774019909985566,-0.7661494179146294,59937.27808083466,0.9999613013014976,20191188,40000,-1,med-pos-xyerror,linear-xyme
betax,0.9802676332191063,7.536874329205971e-5,0.017569680269331665,0.9461247129681764,0.968547653514973,0.980149851424408,0.9919483226787249,1.0149773817888674,54343.19508198804,0.9999985272462172,20191188,40000,1,med-pos-xyerror,linear-xyme
sigma,0.9711512053519099,4.442777239735356e-4,0.07442348871044469,0.830887196771533,0.9198346919260029,0.9695819476521128,1.019702473502145,1.1232338126351697,28061.505813546948,1.0000417700015893,20191188,40000,1,med-pos-xyerror,linear-xyme
beta0,-1.05274545031034,3.7197259070057345e-4,0.08031755372520397,-1.209241056679624,-1.10668704727768,-1.05299304473002,-0.9986610025803073,-0.8944285388249574,46622.8766278007,0.9999903379932266,20191189,40000,-1,med-pos-xyerror,linear-xyme
betax,0.9929108107788857,8.035026493404344e-5,0.01699931550390508,0.9594676894097177,0.9814638182711455,0.9929412422473687,1.0043775538575364,1.0261293771312028,44759.81085452759,0.9999632099066146,20191189,40000,1,med-pos-xyerror,linear-xyme
sigma,0.8812868166862312,5.02798652280328e-4,0.07301226588837348,0.7427079924026344,0.8310892575740949,0.8794096558439267,0.9294025285391131,1.0296830949492308,21086.44869511265,1.0001840866553988,20191189,40000,1,med-pos-xyerror,linear-xyme
beta0,-1.0018000098120825,3.50421075474142e-4,0.08463273073619117,-1.168446415021821,-1.0588827372111111,-1.0020016883464302,-0.9449272262871766,-0.8366982731985114,58330.5768723935,0.9999643243623261,20191190,40000,-1,med-pos-xyerror,linear-xyme
betax,0.9974425254169211,7.254809416625935e-5,0.017495676457260363,0.9628978333070459,0.9857731355925665,0.997561218770458,1.0092173522089312,1.0316194383784396,58157.99979086031,0.9999651150051764,20191190,40000,1,med-pos-xyerror,linear-xyme
sigma,0.9457117610474606,4.636598694063596e-4,0.07462287806510882,0.8051072040751092,0.8947632235887428,0.9433531187676253,0.9946717626495694,1.0988033777287314,25902.696250556066,1.0000993053759646,20191190,40000,1,med-pos-xyerror,linear-xyme
beta0,-0.9546983406957653,3.5755886471948445e-4,0.09352495924419389,-1.1368268918563118,-1.01765617173462,-0.9541606419865398,-0.8921850553381995,-0.770278254231818,68416.35865290696,0.9999832643182336,20191191,40000,-1,med-pos-xyerror,linear-xyme
betax,0.9822710007794037,7.799185108823902e-5,0.019976692804748553,0.9426847558430786,0.968938332507585,0.9823486520952616,0.9956928968163813,1.0214080237915,65606.78047035274,0.9999823001470066,20191191,40000,1,med-pos-xyerror,linear-xyme
sigma,1.1305766031273052,4.060007505344228e-4,0.07958244791065429,0.9807879750609182,1.0760853290733867,1.1278590208240953,1.1827167069889157,1.2936437814538597,38422.083766337644,0.99999998398329,20191191,40000,1,med-pos-xyerror,linear-xyme
beta0,-1.0964689192493047,3.576843273298719e-4,0.08450173214632045,-1.2605537765587336,-1.1535347705986507,-1.0969512435738715,-1.0397754952803158,-0.9296269351834927,55812.49027952467,0.9999755499571086,20191192,40000,-1,med-pos-xyerror,linear-xyme
betax,1.002444467142887,7.229269729402881e-5,0.016676460715237266,0.9694771991368477,0.9913992256938162,1.0024787510278195,1.0136173496847114,1.034936472541089,53213.14308179121,1.0000251237357856,20191192,40000,1,med-pos-xyerror,linear-xyme
sigma,0.9652090009277429,4.592117054755528e-4,0.07486965632624958,0.8242963455404728,0.9137557343452564,0.9631540213195664,1.0144348030960162,1.1193357969088058,26581.885285719807,1.0000013744369083,20191192,40000,1,med-pos-xyerror,linear-xyme
beta0,-0.9610132816650041,3.6671298788160366e-4,0.07980035599916505,-1.1183248185792218,-1.0143242580514007,-0.9612012354206985,-0.9081165187092636,-0.8046566561782112,47354.04410301581,0.9999946970681409,20191193,40000,-1,med-pos-xyerror,linear-xyme
betax,0.9708276077997645,7.222073893904844e-5,0.015510178806158108,0.9405043446492953,0.9603962624475489,0.9708285999650204,0.9812386293808376,1.0015398329226033,46122.172282915104,0.9999544793977121,20191193,40000,1,med-pos-xyerror,linear-xyme
sigma,0.8771134400212091,5.0467151524676e-4,0.072316867503072,0.7405192320569678,0.8273040297412774,0.8749540201185662,0.9247461447210696,1.0249997065530425,20533.435857936915,0.9999830281162367,20191193,40000,1,med-pos-xyerror,linear-xyme
beta0,-0.8475479404509387,3.4945854576001197e-4,0.08331354525479655,-1.0120000851122295,-0.903541648500266,-0.8473692495280014,-0.7910874347371198,-0.6850768324866635,56838.14561621739,0.9999577649074377,20191194,40000,-1,med-pos-xyerror,linear-xyme
betax,0.974424222275705,6.805043636922472e-5,0.015854839261698773,0.9432354587265698,0.9637764286321937,0.9744682553896339,0.9850277129010903,1.0055344861714575,54282.75210600815,0.9999876356420733,20191194,40000,1,med-pos-xyerror,linear-xyme
sigma,0.9545509805689728,4.535641564713642e-4,0.073707882276812145,0.8147296966368787,0.9041443670311367,0.952839682228513,1.0029212770498543,1.10402040715687,26408.906198903427,1.0001389610006217,20191194,40000,1,med-pos-xyerror,linear-xyme
beta0,-0.9756068913293112,3.578475583475817e-4,0.0874253978473995,-1.1470281659873964,-1.034628084058755,-0.9759411590516887,-0.9164878560924733,-0.8043907284966494,59686.913035222824,0.9999595389459033,20191195,40000,-1,med-pos-xyerror,linear-xyme
betax,1.0074484662153145,8.02121918557369e-5,0.019359248195330327,0.9695281774048827,0.994387028431141,1.0074402669010836,1.0204003552316436,1.045281232637508,58250.03728077324,0.9999511346191756,20191195,40000,1,med-pos-xyerror,linear-xyme
sigma,1.0038085624442405,4.404618819124839e-4,0.07603572587126865,0.8600110370288474,0.9514354888435883,1.0021791354306075,1.053998746828979,1.158346332083656,29800.16937622702,0.9999582543168001,20191195,40000,1,med-pos-xyerror,linear-xyme
beta0,-0.9612481127393221,3.8085221208310227e-4,0.10105879271205047,-1.1602515087263796,-1.028477183820965,-0.9608919335289208,-0.8934179385344536,-0.7633289059809314,70410.14626814713,0.9999906509029766,20191196,40000,-1,med-pos-xyerror,linear-xyme
betax,0.9807308573458995,7.464053047866878e-5,0.019692140060076874,0.9423019173015346,0.9675588067019705,0.9806781669002136,0.9938426760613536,1.0196879434524113,69604.35244002817,1.000007078300251,20191196,40000,1,med-pos-xyerror,linear-xyme
sigma,1.227250805563788,3.9797694310844683e-4,0.08227647899169659,1.073354421955967,1.1705997117823772,1.2246256841093273,1.2806437940678086,1.3968034138961258,42740.103746644556,0.9999587470872435,20191196,40000,1,med-pos-xyerror,linear-xyme
beta0,-1.1551775677918616,3.534571365730799e-4,0.08315686644759032,-1.3175211661824502,-1.211404021510194,-1.1554764255520082,-1.0986117469796455,-0.9915605410202742,55350.6495464272,1.0000058521635429,20191197,40000,-1,med-pos-xyerror,linear-xyme
betax,1.013715656677609,7.147366231690671e-5,0.01656921631219591,0.9810329199025916,1.0027911399584177,1.0137470887351407,1.0248720191986889,1.0464065741370607,53741.75732671368,0.9999708305597762,20191197,40000,1,med-pos-xyerror,linear-xyme
sigma,0.9405721057260145,4.998314932617508e-4,0.07526240142470372,0.8009991602102277,0.8887114003399423,0.9378374068399099,0.9897251466908835,1.094630153797867,22672.995908044762,1.0000640963032077,20191197,40000,1,med-pos-xyerror,linear-xyme
beta0,-0.9274372827344707,3.70550713680328e-4,0.08450523243245517,-1.0936580841729868,-0.9840512052165035,-0.9269174287458246,-0.8704815585466523,-0.7610038610501835,52008.208382462144,0.9999640979746712,20191198,40000,-1,med-pos-xyerror,linear-xyme
betax,0.9755465887428776,7.581245069894167e-5,0.017119082210628623,0.9419934515651313,0.9639930013535083,0.9754947075394519,0.9872021967529105,1.0091633594567133,50989.39787695275,0.9999718720717614,20191198,40000,1,med-pos-xyerror,linear-xyme
sigma,0.9640374526787064,4.5909134176349886e-4,0.07459009158271562,0.8239543266712916,0.9129722658994142,0.9621918175493482,1.012909837182283,1.1162167340897888,26397.577661417406,1.0001665281742866,20191198,40000,1,med-pos-xyerror,linear-xyme
beta0,-0.8564918413799683,3.525701187530767e-4,0.09093897026774413,-1.0356741699472973,-0.9172101106306311,-0.8570582156369315,-0.7956592997815638,-0.6783189684894896,66528.7035854844,0.9999890902477359,20191199,40000,-1,med-pos-xyerror,linear-xyme
betax,0.9785824801060488,7.14360183256398e-5,0.018123793470575442,0.9429296242580556,0.9663402928763055,0.9785789631893724,0.9908284836368477,1.0138865561688153,64367.06831601938,0.9999710426042434,20191199,40000,1,med-pos-xyerror,linear-xyme
sigma,1.0750634649512807,4.2539984549926524e-4,0.07711482372409044,0.9305730810826507,1.022286071170227,1.0721818937882734,1.1257019235099355,1.2314246671443596,32861.02340114981,1.0000026544874863,20191199,40000,1,med-pos-xyerror,linear-xyme
beta0,-1.075696170393564,3.6296904001828045e-4,0.08585295564409702,-1.2441253186083674,-1.1334860966392502,-1.0757837175861797,-1.017847597668875,-0.9073145379868875,55946.29572289563,1.0000349817261818,20191200,40000,-1,med-pos-xyerror,linear-xyme
betax,1.0005154089625308,7.744967245535907e-5,0.018143416265327186,0.9647016163721359,0.9883131996811403,1.0005548803265518,1.0127458410821613,1.035902290944496,54878.086339403446,0.9999748684349011,20191200,40000,1,med-pos-xyerror,linear-xyme
sigma,0.9861385659741116,4.644158167704713e-4,0.07588835204185665,0.8432536515915563,0.9339592434021639,0.9842009271728898,1.035928455353541,1.1416303782244708,26701.53567480301,1.0000776926370947,20191200,40000,1,med-pos-xyerror,linear-xyme
beta0,-1.0719670351609247,3.88955588813606e-4,0.08094742989663409,-1.2313868108457344,-1.1260486131248797,-1.0715642063568886,-1.017640728305341,-0.9148987233652899,43311.78637523252,0.9999698847793497,20191201,40000,-1,med-pos-xyerror,linear-xyme
betax,0.9815300488453277,7.598265474812196e-5,0.01584450944964751,0.9506808914249174,0.9708289565653109,0.9815543305468215,0.9922928596045275,1.0124124608039695,43483.91811346397,0.9999898785698748,20191201,40000,1,med-pos-xyerror,linear-xyme
sigma,0.8982094584256911,5.105949378899334e-4,0.07322220578562035,0.7599918131419,0.8480138662634319,0.8961119020918792,0.9465407103764569,1.0481336227362228,20565.184288921177,0.9999765054614133,20191201,40000,1,med-pos-xyerror,linear-xyme
beta0,-0.7675932458789227,0.00037530038772440886,0.09269087679926753,-0.9486367423376068,-0.8305220749795298,-0.7680647851602951,-0.7050532518099452,-0.5864990521942566,60998.050408010284,0.9999612486594407,20191202,40000,-1,med-pos-xyerror,linear-xyme
betax,1.0153384662062168,7.411393370899954e-5,0.018493350623152518,0.9791059800705032,1.0028996073187102,1.0154200846514883,1.027764449431439,1.0515800354282012,62263.205825218094,0.9999900859280674,20191202,40000,1,med-pos-xyerror,linear-xyme
sigma,1.0896887586053374,4.3646022919230224e-4,0.07834259668834265,0.9432052654550244,1.036178617979251,1.0870213970599594,1.1410202112809475,1.2516247389178232,32218.593081899307,0.9999794485323853,20191202,40000,1,med-pos-xyerror,linear-xyme
beta0,-0.8957405068235081,3.6545916889805586e-4,0.08077398667773233,-1.0526749294251756,-0.9501404925989627,-0.8957239091871646,-0.8417451606873796,-0.7367664841421295,48850.083722290845,0.9999878395659291,20191203,40000,-1,med-pos-xyerror,linear-xyme
betax,0.978580459614953,8.051640126556037e-5,0.017725699098433845,0.9439463435537372,0.9666817888062591,0.9784823814529136,0.9905080752864384,1.0134601999476764,48466.09555755339,1.0000100837037391,20191203,40000,1,med-pos-xyerror,linear-xyme
sigma,0.9081795739721361,4.910655294198839e-4,0.07366104918164479,0.7696201499431768,0.8577985229149079,0.9062399885919623,0.9563001025898099,1.059565262510839,22500.74518288609,0.9999996562786949,20191203,40000,1,med-pos-xyerror,linear-xyme
beta0,-1.1030959721405857,3.4255299207783604e-4,0.0847002874519863,-1.2688170213601806,-1.1602393296976232,-1.1034685750339461,-1.0461780960151839,-0.9365706133263104,61138.423775938856,0.9999520528695535,20191204,40000,-1,med-pos-xyerror,linear-xyme
betax,0.9947002672173317,7.462408794267671e-5,0.01764688774465243,0.9602114517016476,0.982649383170218,0.9947642670746598,1.0065984988795789,1.02932351091188,55921.41779656277,1.0000297342746238,20191204,40000,1,med-pos-xyerror,linear-xyme
sigma,0.9467194003355719,4.726977086735314e-4,0.07485240610712923,0.806644522650948,0.8955031398468406,0.9441453091837165,0.9955155456560438,1.1003436295073243,25075.207529825726,1.0001867578628365,20191204,40000,1,med-pos-xyerror,linear-xyme
beta0,-1.0606823121738942,3.576366998893847e-4,0.08782977606399062,-1.2331108811044962,-1.119761989974104,-1.060510600993613,-1.001992984025467,-0.8867117574494485,60311.39772132545,1.0000643719061197,20191205,40000,-1,med-pos-xyerror,linear-xyme
betax,0.9719651730166502,7.062685894158836e-5,0.017215412765138795,0.9381643019726104,0.9604119613253048,0.9721120382439616,0.983446008626163,1.0055315919541503,59414.86248640415,0.9999723126036625,20191205,40000,1,med-pos-xyerror,linear-xyme
sigma,1.0173683693658855,4.2957099345936967e-4,0.07548726909746944,0.8763797915692954,0.9654342669790212,1.0152860878322556,1.0665882690641082,1.1721289615978299,30880.017088340315,1.0001418686268566,20191205,40000,1,med-pos-xyerror,linear-xyme
beta0,-0.8729381922894288,3.607942136163403e-4,0.08537021014917671,-1.0394590572812166,-0.930910596012578,-0.8731828413427958,-0.8153453689396835,-0.7055798357249368,55987.82203658507,1.000002099125927,20191206,40000,-1,med-pos-xyerror,linear-xyme
betax,0.9744575207266206,7.418977853958973e-5,0.01721201272801232,0.9408133613472487,0.9629155706616204,0.9744351902791007,0.9859231757601934,1.008407468353697,53823.90060047652,1.0000010931518644,20191206,40000,1,med-pos-xyerror,linear-xyme
sigma,0.9887743695253676,4.5608099732171424e-4,0.07504039038127552,0.847717395042317,0.9376038793162644,0.9865695165376176,1.0380449703309624,1.1428368098328183,27071.11937983493,0.9999749236488044,20191206,40000,1,med-pos-xyerror,linear-xyme
beta0,-0.9192234312349449,3.5269582123924695e-4,0.08282555404785273,-1.0816260157657154,-0.974711641975428,-0.9193968568444202,-0.8630750211961681,-0.7568796879284603,55147.784661355916,0.9999719570293685,20191207,40000,-1,med-pos-xyerror,linear-xyme
betax,0.9832989077837947,6.949219110719455e-5,0.016468910664983526,0.9508980192094398,0.9722765292994342,0.9833791506396193,0.9943873977459424,1.015669015664544,56163.96200160859,0.9999774441885928,20191207,40000,1,med-pos-xyerror,linear-xyme
sigma,0.9322718783437679,4.6501772503085455e-4,0.07327961662243371,0.7941108144638773,0.8814452652832931,0.9303928105074881,0.9804582042676131,1.0810402083981043,24832.89560484216,0.9999569533267478,20191207,40000,1,med-pos-xyerror,linear-xyme
